{
	"FROZEN_TEMPERATURE": -0.45,
	"COOL_TEMPERATURE": -0.15,
	"WARM_TEMPERATURE": 0.2,
	"HOT_TEMPERATURE": 0.55,
	"ARID_HUMIDITY": -0.35,
	"DRY_HUMIDITY": -0.1,
	"WET_HUMIDITY": 0.1,
	"HUMID_HUMIDITY": 0.3,
	"MUSHROOM_FIELDS_TO_DEEP_OCEAN_CONTINENTALNESS": -1.05,
	"DEEP_OCEAN_TO_OCEAN_CONTINENTALNESS": -0.455,
	"OCEAN_TO_COAST_CONTINENTALNESS": -0.19,
	"COAST_TO_INLAND_CONTINENTALNESS": -0.11,
	"NEAR_INLAND_TO_MID_INLAND_CONTINENTALNESS": 0.03,
	"MID_INLAND_TO_MOUNTAINS_CONTINENTALNESS": 0.3,
	"PEAKS_CONTINENTALNESS": 0.55,
	"MUSHROOM_FIELDS_TO_DEEP_OCEAN_SHAPER": -1.02,
	"DEEP_OCEAN_TO_OCEAN_SHAPER": -0.51,
	"OCEAN_TO_COAST_SHAPER": -0.44,
	"COAST_WATER_SHAPER": -0.18,
	"COAST_BANK_SHAPER": -0.16,
	"COAST_LAND_SHAPER": -0.15,
	"NEAR_INLAND_SHAPER": -0.1,
	"INLAND_EROSION_SHAPER": 0.06,
	"MID_INLAND_SHAPER": 0.25,
	"PEAKS_EROSION_SHAPER": 0.65,
	"OCTAVE_TEMPERATURE_ADDER": 0.0,
	"OCTAVE_HUMIDITY_ADDER": 0.0,
	"OCTAVE_CONTINENTALNESS_ADDER": 0.0,
	"STRUCTURE_DENSITY_MULTIPLIER": 1.0,
	"ENABLE_MUSHROOM_FIELDS_SPAWN": false
}