{
  "fmlloader-1.20.1-47.4.0.jar (modloader)": {
    "modId": "forge",
    "version": "fmlloader-1.20.1-47.4.0.jar"
  },
  "[DOLT] easel_does_it-1.20.1-1.0.7-all.jar": {
    "modId": "easel_does_it",
    "version": "1.0.7"
  },
  "Ad-Astra-Giselle-Addon-forge-1.20.1-6.18.jar": {
    "modId": "ad_astra_giselle_addon",
    "version": "6.18"
  },
  "ad_astra-forge-1.20.1-1.15.20.jar": {
    "modId": "ad_astra",
    "version": "1.15.20"
  },
  "adastraextra-forge-1.20.1-1.2.3.jar": {
    "modId": "adastraextra",
    "version": "1.2.3"
  },
  "aether-1.20.1-1.5.2-neoforge.jar": {
    "modId": "aether",
    "version": "1.20.1-1.5.2-neoforge"
  },
  "ags_day_counter-5.0-forge-1.20.1.jar": {
    "modId": "ags_day_counter",
    "version": "5.0"
  },
  "AkashicTome-1.7-27.jar": {
    "modId": "akashictome",
    "version": "1.7-27"
  },
  "alekiNiftyShips-FORGE-1.20.1-1.0.14.jar": {
    "modId": "alekiships",
    "version": "1.0.14"
  },
  "alexscaves-2.0.2.jar": {
    "modId": "alexscaves",
    "version": "2.0.2"
  },
  "alexscavesdelight-1.0.27-final.jar": {
    "modId": "alexscavesdelight",
    "version": "1.0.27-final"
  },
  "alexsdelight-1.5.jar": {
    "modId": "alexsdelight",
    "version": "1.5"
  },
  "alexsmobs-1.22.9.jar": {
    "modId": "alexsmobs",
    "version": "1.22.9"
  },
  "alltheleaks-0.1.4-beta+1.20.1-forge.jar": {
    "modId": "alltheleaks",
    "version": "0.1.4-beta+1.20.1-forge"
  },
  "almanac-1.20.x-forge-1.0.2.jar": {
    "modId": "almanac",
    "version": "1.0.2"
  },
  "ambientadditions-1.20.1-1.1.1.jar": {
    "modId": "ambientadditions",
    "version": "1.20.1-1.1.1"
  },
  "amendments-1.20-1.2.19.jar": {
    "modId": "amendments",
    "version": "1.20-1.2.19"
  },
  "antsportation-1.20.1-3.0.4.jar": {
    "modId": "antsportation",
    "version": "3.0.4"
  },
  "appleskin-forge-mc1.20.1-2.5.1.jar": {
    "modId": "appleskin",
    "version": "2.5.1+mc1.20.1"
  },
  "Aquaculture-1.20.1-2.5.5.jar": {
    "modId": "aquaculture",
    "version": "2.5.5"
  },
  "aquaculturedelight-1.1.1-forge-1.20.1.jar": {
    "modId": "aquaculturedelight",
    "version": "1.1.1"
  },
  "architectury-9.2.14-forge.jar": {
    "modId": "architectury",
    "version": "9.2.14"
  },
  "argonauts-forge-1.20.1-1.0.10.jar": {
    "modId": "argonauts",
    "version": "1.0.10"
  },
  "AttributeFix-Forge-1.20.1-21.0.4.jar": {
    "modId": "attributefix",
    "version": "21.0.4"
  },
  "AutochefsDelight-1.20.1-Forge-1.0.7.jar": {
    "modId": "autochefsdelight",
    "version": "1.0.7+forge"
  },
  "autumnity-1.20.1-5.0.2.jar": {
    "modId": "autumnity",
    "version": "5.0.2"
  },
  "babyfat-1.0.1.jar": {
    "modId": "babyfat",
    "version": "1.0.1"
  },
  "backpacked-forge-1.20.1-2.2.5.jar": {
    "modId": "backpacked",
    "version": "2.2.5"
  },
  "BadOptimizations-2.2.2-1.20.1.jar": {
    "modId": "badoptimizations",
    "version": "2.2.2"
  },
  "badpackets-forge-0.4.3.jar": {
    "modId": "badpackets",
    "version": "0.4.3"
  },
  "balm-forge-1.20.1-7.3.31-all.jar": {
    "modId": "balm",
    "version": "7.3.31"
  },
  "BarteringStation-v8.0.0-1.20.1-Forge.jar": {
    "modId": "barteringstation",
    "version": "8.0.0"
  },
  "BeeFix-1.20-1.0.7.jar": {
    "modId": "beefix",
    "version": "1.0.7"
  },
  "BetterAdvancements-Forge-1.20.1-0.4.2.25.jar": {
    "modId": "betteradvancements",
    "version": "0.4.2.25"
  },
  "betterarcheology-1.2.1-1.20.1.jar": {
    "modId": "betterarcheology",
    "version": "1.2.1-1.20.1"
  },
  "biomemusic-1.20.1-3.5.jar": {
    "modId": "biomemusic",
    "version": "1.20.1-3.5"
  },
  "BiomeParticleWeather-v4.1.0-1.20.1-Forge.jar": {
    "modId": "impactfulweather",
    "version": "4.1.0"
  },
  "BiomesOPlenty-1.20.1-18.0.0.592.jar": {
    "modId": "biomesoplenty",
    "version": "18.0.0.592"
  },
  "biomespawnpoint-1.20.1-2.4.jar": {
    "modId": "biomespawnpoint",
    "version": "2.4"
  },
  "blockui-1.20.1-1.0.193.jar": {
    "modId": "blockui",
    "version": "1.20.1-1.0.193"
  },
  "blueprint-1.20.1-7.1.3.jar": {
    "modId": "blueprint",
    "version": "7.1.3"
  },
  "BoatBreakFix-Universal-1.0.2.jar": {
    "modId": "boatbreakfix",
    "version": "1.0.2"
  },
  "Bookshelf-Forge-1.20.1-20.2.13.jar": {
    "modId": "bookshelf",
    "version": "20.2.13"
  },
  "Botania-1.20.1-448-FORGE.jar": {
    "modId": "botania",
    "version": "1.20.1-448-FORGE"
  },
  "botarium-forge-1.20.1-2.3.4.jar": {
    "modId": "botarium",
    "version": "2.3.4"
  },
  "Bountiful-6.0.4+1.20.1-forge.jar": {
    "modId": "bountiful",
    "version": "6.0.4+1.20.1"
  },
  "bountiful_critters-1.4.4.jar": {
    "modId": "bountiful_critters",
    "version": "1.4.4"
  },
  "butterflies-6.2.0-for-1.20.1.jar": {
    "modId": "butterflies",
    "version": "6.2.0"
  },
  "cadmus-forge-1.20.1-1.0.8.jar": {
    "modId": "cadmus",
    "version": "1.0.8"
  },
  "caelus-forge-3.2.0+1.20.1.jar": {
    "modId": "caelus",
    "version": "3.2.0+1.20.1"
  },
  "carryon-forge-1.20.1-2.1.2.7.jar": {
    "modId": "carryon",
    "version": "2.1.2.7"
  },
  "castle_in_the_sky-1.20.1-0.6.0.jar": {
    "modId": "castle_in_the_sky",
    "version": "1.20.1"
  },
  "CHA-S-1.20-forge.jar": {
    "modId": "chas",
    "version": "1.20"
  },
  "chalk-1.20.1-1.6.5.jar": {
    "modId": "chalk",
    "version": "1.6.5"
  },
  "chunksending-1.20.1-2.8.jar": {
    "modId": "chunksending",
    "version": "1.20.1-2.8"
  },
  "Chunky-1.3.146.jar": {
    "modId": "chunky",
    "version": "1.3.146"
  },
  "citadel-2.6.1-1.20.1.jar": {
    "modId": "citadel",
    "version": "2.6.1"
  },
  "clienttweaks-forge-1.20.1-11.1.3.jar": {
    "modId": "clienttweaks",
    "version": "11.1.3"
  },
  "cloth-config-11.1.136-forge.jar": {
    "modId": "cloth_config",
    "version": "11.1.136"
  },
  "Clumps-forge-1.20.1-12.0.0.4.jar": {
    "modId": "clumps",
    "version": "12.0.0.4"
  },
  "collective-1.20.1-8.3.jar": {
    "modId": "collective",
    "version": "8.3"
  },
  "comforts-forge-6.4.0+1.20.1.jar": {
    "modId": "comforts",
    "version": "6.4.0+1.20.1"
  },
  "configured-forge-1.20.1-2.2.3.jar": {
    "modId": "configured",
    "version": "2.2.3"
  },
  "connectivity-1.20.1-7.1.jar": {
    "modId": "connectivity",
    "version": "1.20.1-7.1"
  },
  "Controlling-forge-1.20.1-12.0.2.jar": {
    "modId": "controlling",
    "version": "12.0.2"
  },
  "Corgilib-Forge-1.20.1-4.0.3.4.jar": {
    "modId": "corgilib",
    "version": "4.0.3.4"
  },
  "cosmos-library-1.20.1-10.6.0.0-universal.jar": {
    "modId": "cosmoslibrary",
    "version": "10.6.0.0"
  },
  "CraftableEnchantedGoldenApple-1.20.1-Forge.jar": {
    "modId": "craftableenchantedgoldenapple",
    "version": "1.20.1-0.1"
  },
  "craftingtweaks-forge-1.20.1-18.2.5.jar": {
    "modId": "craftingtweaks",
    "version": "18.2.5"
  },
  "CrashAssistant-forge-1.19.2-1.20.1-1.9.4.jar": {
    "modId": "crash_assistant",
    "version": "1.9.4"
  },
  "crashexploitfixer-forge-1.1.0+1.20.1.jar": {
    "modId": "crashexploitfixer",
    "version": "1.1.0"
  },
  "crashutilities-8.1.4.jar": {
    "modId": "crashutilities",
    "version": "8.1.4"
  },
  "crawlondemand-1.20.x-1.0.0.jar": {
    "modId": "crawlondemand",
    "version": "1.20.x-1.0.0"
  },
  "create-1.20.1-6.0.6.jar": {
    "modId": "create",
    "version": "6.0.6"
  },
  "create_ad_astra_compat-forge-1.20.1-1.0.0.jar": {
    "modId": "create_ad_astra_compat",
    "version": "1.0.0"
  },
  "Create_Questing-FORGE-1.20.1-1.0.0.jar": {
    "modId": "create_questing",
    "version": "1.0.0"
  },
  "createoreexcavation-1.20-1.6.4.jar": {
    "modId": "createoreexcavation",
    "version": "1.6.4"
  },
  "creeperoverhaul-3.0.2-forge.jar": {
    "modId": "creeperoverhaul",
    "version": "3.0.2"
  },
  "cristellib-1.1.6-forge.jar": {
    "modId": "cristellib",
    "version": "1.1.6"
  },
  "crittersandcompanions-forge-2.2.2.jar": {
    "modId": "crittersandcompanions",
    "version": "2.2.2"
  },
  "cupboard-1.20.1-2.7.jar": {
    "modId": "cupboard",
    "version": "1.20.1-2.7"
  },
  "curios-forge-5.14.1+1.20.1.jar": {
    "modId": "curios",
    "version": "5.14.1+1.20.1"
  },
  "curiouslanterns-1.20.1-1.3.7.jar": {
    "modId": "curiouslanterns",
    "version": "1.20.1-1.3.7"
  },
  "DeeperCaves-1.20.1-1.2.7.jar": {
    "modId": "cavesanddepths",
    "version": "1.2.7"
  },
  "Delightful-1.20.1-3.7.2.jar": {
    "modId": "delightful",
    "version": "3.7.2"
  },
  "despawn_tweaker-1.20.1-1.0.0.jar": {
    "modId": "despawn_tweaker",
    "version": "1.20.1-1.0.0"
  },
  "dimensionalpocketsii-1.20.1-9.1.0.0-universal.jar": {
    "modId": "dimensionalpocketsii",
    "version": "9.1.0.0"
  },
  "dimensionalsycnfixes-1.20.1-0.0.1.jar": {
    "modId": "dimensionalsycnfixes",
    "version": "1.20.1-0.0.1"
  },
  "dimthread-FORGE-mc1.20.1-v1.2.1.jar": {
    "modId": "dimthread",
    "version": "1.2.1"
  },
  "DistantHorizons-fabric-forge-2.3.2-b-1.20.1.jar": {
    "modId": "distanthorizons",
    "version": "2.3.2-b"
  },
  "domesticationinnovation-1.7.1-1.20.1.jar": {
    "modId": "domesticationinnovation",
    "version": "1.7.1"
  },
  "domum_ornamentum-1.20.1-1.0.186-RELEASE-universal.jar": {
    "modId": "domum_ornamentum",
    "version": "1.20.1-1.0.186-RELEASE"
  },
  "dynamiclights-1.20.1.2.jar": {
    "modId": "dynamiclights",
    "version": "1.20.1.2"
  },
  "DynamicTrees-1.20.1-1.4.5.jar": {
    "modId": "dynamictrees",
    "version": "1.20.1-1.4.5"
  },
  "ecologics-forge-1.20.1-2.2.0.jar": {
    "modId": "ecologics",
    "version": "2.2.0"
  },
  "effortlessbuilding-1.20.1-3.10.jar": {
    "modId": "effortlessbuilding",
    "version": "3.10"
  },
  "elytraslot-forge-6.4.4+1.20.1.jar": {
    "modId": "elytraslot",
    "version": "6.4.4+1.20.1"
  },
  "embeddium-0.3.31+mc1.20.1.jar": {
    "modId": "embeddium",
    "version": "0.3.31+mc1.20.1"
  },
  "EnchantmentDescriptions-Forge-1.20.1-17.1.19.jar": {
    "modId": "enchdesc",
    "version": "17.1.19"
  },
  "endermanoverhaul-forge-1.20.1-1.0.4.jar": {
    "modId": "endermanoverhaul",
    "version": "1.0.4"
  },
  "entityculling-forge-1.7.4-mc1.20.1.jar": {
    "modId": "entityculling",
    "version": "1.7.4"
  },
  "etched-3.0.4.jar": {
    "modId": "etched",
    "version": "3.0.4"
  },
  "EuphoriaPatcher-1.6.5-r5.5.1-forge.jar": {
    "modId": "euphoria_patcher",
    "version": "1.6.5-r5.5.1-forge"
  },
  "ExplorersCompass-1.20.1-1.3.3-forge.jar": {
    "modId": "explorerscompass",
    "version": "1.20.1-1.3.3-forge"
  },
  "Explorify v1.6.2 f10-48.jar": {
    "modId": "explorify",
    "version": "1.6.2"
  },
  "FarmersDelight-1.20.1-1.2.8.jar": {
    "modId": "farmersdelight",
    "version": "1.20.1-1.2.8"
  },
  "FarmersStructures-1.0.3-1.20.jar": {
    "modId": "farmers_structures",
    "version": "1.0.0"
  },
  "fastasyncworldsave-1.20.1-2.4.jar": {
    "modId": "fastasyncworldsave",
    "version": "1.20.1-2.4"
  },
  "Fastquit-3.0.1+1.20.1forge.jar": {
    "modId": "fastquit",
    "version": "3.0.1+1.20.1forge"
  },
  "FastSuite-1.20.1-5.1.0.jar": {
    "modId": "fastsuite",
    "version": "5.1.0"
  },
  "faunify-forge-1.20.1-1.1.2.jar": {
    "modId": "faunify",
    "version": "1.1.2"
  },
  "ferritecore-6.0.1-forge.jar": {
    "modId": "ferritecore",
    "version": "6.0.1"
  },
  "findme-3.2.1-forge.jar": {
    "modId": "findme",
    "version": "3.2.1"
  },
  "FireSticks+V.1.3+[1.20.1][FORGE].jar": {
    "modId": "survival_firesticks",
    "version": "1.0.0"
  },
  "forest_ruins-1.0.0-forge-1.20.1.jar": {
    "modId": "forest_ruins",
    "version": "1.0.0"
  },
  "FpsReducer2-forge-1.20-2.5.jar": {
    "modId": "fpsreducer",
    "version": "1.20-2.5"
  },
  "framework-forge-1.20.1-0.7.15.jar": {
    "modId": "framework",
    "version": "0.7.15"
  },
  "friendsandfoes-forge-mc1.20.1-3.0.9.jar": {
    "modId": "friendsandfoes",
    "version": "3.0.9"
  },
  "ftb-essentials-forge-2001.2.3.jar": {
    "modId": "ftbessentials",
    "version": "2001.2.3"
  },
  "ftb-library-forge-2001.2.9.jar": {
    "modId": "ftblibrary",
    "version": "2001.2.9"
  },
  "ftb-quests-forge-2001.4.13.jar": {
    "modId": "ftbquests",
    "version": "2001.4.13"
  },
  "ftb-teams-forge-2001.3.1.jar": {
    "modId": "ftbteams",
    "version": "2001.3.1"
  },
  "ftb-ultimine-forge-2001.1.5.jar": {
    "modId": "ftbultimine",
    "version": "2001.1.5"
  },
  "ftbquestsfreezefix-forge-1.0.0-1.20.1.jar": {
    "modId": "ftbquestsfreezefix",
    "version": "1.0.0"
  },
  "geckolib-forge-1.20.1-4.7.1.3.jar": {
    "modId": "geckolib",
    "version": "4.7.1.3"
  },
  "GlitchCore-forge-1.20.1-0.0.1.1.jar": {
    "modId": "glitchcore",
    "version": "0.0.1.1"
  },
  "globalpacks-forge-1.20.1-19.3.5.jar": {
    "modId": "globalpacks",
    "version": "19.3.5"
  },
  "goblintraders-forge-1.20.1-1.9.3.jar": {
    "modId": "goblintraders",
    "version": "1.9.3"
  },
  "grappling_hook_mod-1.20.1-1.20.1-v13.jar": {
    "modId": "grapplemod",
    "version": "1.20.1-v13"
  },
  "guardvillagers-1.20.1-1.6.10.jar": {
    "modId": "guardvillagers",
    "version": "1.20.1-1.6.10"
  },
  "Healing+Bed+1.20.1.jar": {
    "modId": "healingbed",
    "version": "1.20.1"
  },
  "hero-proof-5.1.2.jar": {
    "modId": "mr_hero_proof",
    "version": "5.1.2"
  },
  "hexerei-0.4.2.3.jar": {
    "modId": "hexerei",
    "version": "1.20.1-0.4.2.3"
  },
  "HopperGadgetry-v20.1.0-1.20.1-Forge.jar": {
    "modId": "hoppergadgetry",
    "version": "20.1.0"
  },
  "horseman-1.20.1-1.3.9-forge.jar": {
    "modId": "horseman",
    "version": "1.3.9"
  },
  "Iceberg-1.20.1-forge-1.1.25.jar": {
    "modId": "iceberg",
    "version": "1.1.25"
  },
  "ImmediatelyFast-Forge-1.5.0+1.20.4.jar": {
    "modId": "immediatelyfast",
    "version": "1.5.0+1.20.4"
  },
  "immersive_aircraft-1.2.2+1.20.1-forge.jar": {
    "modId": "immersive_aircraft",
    "version": "1.2.2+1.20.1"
  },
  "immersive_melodies-0.5.0+1.20.1-forge.jar": {
    "modId": "immersive_melodies",
    "version": "0.5.0+1.20.1"
  },
  "immersive_paintings-0.6.7+1.20.1-forge.jar": {
    "modId": "immersive_paintings",
    "version": "0.6.7+1.20.1"
  },
  "immersive_weathering-1.20.1-2.0.5-forge.jar": {
    "modId": "immersive_weathering",
    "version": "1.20.1-2.0.5"
  },
  "ImmersiveEngineering-1.20.1-10.2.0-183.jar": {
    "modId": "immersiveengineering",
    "version": "1.20.1-10.2.0-183"
  },
  "ItemProductionLib-1.20.1-1.0.2a-all.jar": {
    "modId": "itemproductionlib",
    "version": "1.0.2a"
  },
  "Jade-1.20.1-Forge-11.13.1.jar": {
    "modId": "jade",
    "version": "11.13.1+forge"
  },
  "jamlib-forge-1.3.5+1.20.1.jar": {
    "modId": "jamlib",
    "version": "1.3.5+1.20.1"
  },
  "jei-1.20.1-forge-15.20.0.112.jar": {
    "modId": "jei",
    "version": "15.20.0.112"
  },
  "jeiintegration_1.20.1-10.0.0.jar": {
    "modId": "jeiintegration",
    "version": "10.0.0"
  },
  "JustEnoughAdvancements-1.20.1-5.0.1.jar": {
    "modId": "jea",
    "version": "1.20.1-5.0.1"
  },
  "JustEnoughProfessions-forge-1.20.1-3.0.1.jar": {
    "modId": "justenoughprofessions",
    "version": "3.0.1"
  },
  "JustEnoughResources-1.20.1-1.4.0.247.jar": {
    "modId": "jeresources",
    "version": "1.4.0.247"
  },
  "Kambrik-6.1.1+1.20.1-forge.jar": {
    "modId": "kambrik",
    "version": "6.1.1+1.20.1"
  },
  "kleeslabs-forge-1.20.1-15.0.6.jar": {
    "modId": "kleeslabs",
    "version": "15.0.6"
  },
  "kotlinforforge-4.11.0-all.jar": {},
  "kubejs-forge-2001.6.5-build.16.jar": {
    "modId": "kubejs",
    "version": "2001.6.5-build.16"
  },
  "L_Enders_Cataclysm 1.20.1-2.66.jar": {
    "modId": "cataclysm",
    "version": "2.65"
  },
  "largemeals-1.20.1-1.3.0.jar": {
    "modId": "largemeals",
    "version": "1.20.1-1.3.0"
  },
  "LegendaryTooltips-1.20.1-forge-1.4.5.jar": {
    "modId": "legendarytooltips",
    "version": "1.4.5"
  },
  "letmedespawn-1.20.x-forge-1.5.0.jar": {
    "modId": "letmedespawn",
    "version": "1.5.0"
  },
  "libreexpfix-0.2.7+1.18b14-BETA-forge.jar": {
    "modId": "libreexpfix",
    "version": "0.2.7b14-BETA"
  },
  "LibX-1.20.1-5.0.12.jar": {
    "modId": "libx",
    "version": "1.20.1-5.0.12"
  },
  "lionfishapi-2.4-Fix.jar": {
    "modId": "lionfishapi",
    "version": "2.4-Fix"
  },
  "littlelogistics-mc1.20.1-v1.20.1.2.jar": {
    "modId": "littlelogistics",
    "version": "1.20.1.2"
  },
  "lootintegrations-1.20.1-4.7.jar": {
    "modId": "lootintegrations",
    "version": "1.20.1-4.7"
  },
  "lootr-forge-1.20-0.7.35.91.jar": {
    "modId": "lootr",
    "version": "0.7.35.91"
  },
  "luggage-1.20-1.6.2.jar": {
    "modId": "luggage",
    "version": "1.20-1.6.2"
  },
  "majrusz-library-forge-1.20.1-7.0.8.jar": {
    "modId": "majruszlibrary",
    "version": "7.0.8"
  },
  "majruszs-accessories-forge-1.20.1-1.5.3.jar": {
    "modId": "majruszsaccessories",
    "version": "1.5.3"
  },
  "MaxHealthFix-Forge-1.20.1-12.0.3.jar": {
    "modId": "maxhealthfix",
    "version": "12.0.3"
  },
  "minecolonies-1.20.1-1.1.873-alpha.jar": {
    "modId": "minecolonies",
    "version": "1.20.1-1.1.873-alpha"
  },
  "mining-dimension-forge-1.20.1-1.1.0.jar": {
    "modId": "mining_dimension",
    "version": "1.20.1-1.1.0"
  },
  "modernfix-forge-5.23.1+mc1.20.1.jar": {
    "modId": "modernfix",
    "version": "5.23.1+mc1.20.1"
  },
  "modnametooltip-1.20.1-1.20.0.jar": {
    "modId": "modnametooltip",
    "version": "1.20.0"
  },
  "monobank-1.20.1-1.1.5.jar": {
    "modId": "monobank",
    "version": "1.1.5"
  },
  "moonlight-1.20-2.14.4-forge.jar": {
    "modId": "moonlight",
    "version": "1.20-2.14.4"
  },
  "MouseTweaks-forge-mc1.20.1-2.25.1.jar": {
    "modId": "mousetweaks",
    "version": "2.25.1"
  },
  "multipiston-1.20-1.2.43-RELEASE.jar": {
    "modId": "multipiston",
    "version": "1.20-1.2.43-RELEASE"
  },
  "MushroomQuest-1.20.1-v4.1.2.jar": {
    "modId": "mushroomquest",
    "version": "4.0.0"
  },
  "mvs-4.1.5-1.20.jar": {
    "modId": "mvs",
    "version": "4.1.5-1.20-forge"
  },
  "nanhealthfixer-1.20.1-0.0.1.jar": {
    "modId": "nanhealthfixer",
    "version": "1.20.1-0.0.1"
  },
  "NaturesCompass-1.20.1-1.11.2-forge.jar": {
    "modId": "naturescompass",
    "version": "1.20.1-1.11.2-forge"
  },
  "Necronomicon-Forge-1.6.0+1.20.1.jar": {
    "modId": "necronomicon",
    "version": "1.6.0"
  },
  "nethersdelight-1.20.1-4.0.jar": {
    "modId": "nethersdelight",
    "version": "1.20.1-4.0"
  },
  "noisium-forge-2.3.0+mc1.20-1.20.1.jar": {
    "modId": "noisium",
    "version": "2.3.0+mc1.20-1.20.1"
  },
  "oceansdelight-1.0.2-1.20.jar": {
    "modId": "oceansdelight",
    "version": "1.0.2-1.20"
  },
  "oculus-mc1.20.1-1.8.0.jar": {
    "modId": "oculus",
    "version": "1.8.0"
  },
  "Oh-The-Biomes-Weve-Gone-Forge-1.5.11.jar": {
    "modId": "biomeswevegone",
    "version": "1.5.11"
  },
  "Oh-The-Trees-Youll-Grow-forge-1.20.1-1.3.13.jar": {
    "modId": "ohthetreesyoullgrow",
    "version": "1.3.13"
  },
  "okzoomer-forge-1.20-3.0.1.jar": {
    "modId": "okzoomer",
    "version": "3.0.1"
  },
  "PassiveSkillTree-1.20.1-BETA-0.6.14a-all.jar": {
    "modId": "skilltree",
    "version": "0.6.14a"
  },
  "passiveskilltreeadditions-1.1.1.jar": {
    "modId": "passiveskilltreeadditions",
    "version": "1.1.1"
  },
  "Patchouli-1.20.1-84.1-FORGE.jar": {
    "modId": "patchouli",
    "version": "1.20.1-84.1-FORGE"
  },
  "Philips-Ruins1.20.1-5.4.jar": {
    "modId": "philipsruins",
    "version": "5.3"
  },
  "Placebo-1.20.1-8.6.3.jar": {
    "modId": "placebo",
    "version": "8.6.3"
  },
  "polymorph-forge-0.49.10+1.20.1.jar": {
    "modId": "polymorph",
    "version": "0.49.10+1.20.1"
  },
  "potionbundles-1.20-1.8.jar": {
    "modId": "potionbundles",
    "version": "1.8"
  },
  "Prism-1.20.1-forge-1.0.5.jar": {
    "modId": "prism",
    "version": "1.0.5"
  },
  "puffish_attributes-0.7.4-1.20-forge.jar": {
    "modId": "puffish_attributes",
    "version": "0.7.4"
  },
  "PuzzlesLib-v8.1.32-1.20.1-Forge.jar": {
    "modId": "puzzleslib",
    "version": "8.1.32"
  },
  "Quark-4.0-462.jar": {
    "modId": "quark",
    "version": "4.0-462"
  },
  "quark_delight_1.0.0_forge_1.20.1.jar": {
    "modId": "quarkdelight",
    "version": "1.0.0"
  },
  "questsadditions-1.4.7.jar": {
    "modId": "questsadditions",
    "version": "1.4.7"
  },
  "radiantgear-forge-2.2.0+1.20.1.jar": {
    "modId": "radiantgear",
    "version": "2.2.0+1.20.1"
  },
  "radium-mc1.20.1-0.12.4+git.26c9d8e.jar": {
    "modId": "radium",
    "version": "0.12.4+git.26c9d8e"
  },
  "recipeessentials-1.20.1-4.0.jar": {
    "modId": "recipeessentials",
    "version": "1.20.1-4.0"
  },
  "refinedpolymorph-0.1.1-1.20.1.jar": {
    "modId": "refinedpolymorph",
    "version": "0.1.1-1.20.1"
  },
  "refinedstorage-1.12.4.jar": {
    "modId": "refinedstorage",
    "version": "1.12.4"
  },
  "refinedstorageaddons-0.10.0.jar": {
    "modId": "refinedstorageaddons",
    "version": "0.10.0"
  },
  "repurposed_structures-7.1.17+1.20.1-forge.jar": {
    "modId": "repurposed_structures",
    "version": "7.1.17+1.20.1-forge"
  },
  "resourcefulconfig-forge-1.20.1-2.1.3.jar": {
    "modId": "resourcefulconfig",
    "version": "2.1.3"
  },
  "resourcefullib-forge-1.20.1-2.1.29.jar": {
    "modId": "resourcefullib",
    "version": "2.1.29"
  },
  "rhino-forge-2001.2.3-build.10.jar": {
    "modId": "rhino",
    "version": "2001.2.3-build.10"
  },
  "rightclickharvest-forge-4.5.3+1.20.1.jar": {
    "modId": "rightclickharvest",
    "version": "4.5.3+1.20.1"
  },
  "salt-1.20.1-1.2.6.jar": {
    "modId": "salt",
    "version": "1.2.6"
  },
  "sapience-1.20.1-1.0.0.jar": {
    "modId": "sapience",
    "version": "1.20.1-1.0.0"
  },
  "Searchables-forge-1.20.1-1.0.3.jar": {
    "modId": "searchables",
    "version": "1.0.3"
  },
  "SereneSeasons-forge-1.20.1-9.1.0.2.jar": {
    "modId": "sereneseasons",
    "version": "9.1.0.2"
  },
  "SereneShrubbery-1.20.1-v2.1.0.jar": {
    "modId": "serene_shrubbery",
    "version": "1.2.0"
  },
  "servercore-forge-1.5.2+1.20.1.jar": {
    "modId": "servercore",
    "version": "1.5.2+1.20.1"
  },
  "Shimmer-forge-1.20.1-0.2.4.jar": {
    "modId": "shimmer",
    "version": "1.20.1-0.2.4"
  },
  "simplycats-1.20.1-0.2.3.jar": {
    "modId": "simplycats",
    "version": "1.20.1-0.2.3"
  },
  "simplygraves-1.20.1-1.1.0-build.18.jar": {
    "modId": "simplygraves",
    "version": "1.20.1-1.1.0-build.18"
  },
  "sliceanddice-forge-3.4.0.jar": {
    "modId": "sliceanddice",
    "version": "3.4.0"
  },
  "smoothchunk-1.20.1-4.1.jar": {
    "modId": "smoothchunk",
    "version": "1.20.1-4.1"
  },
  "sodiumdynamiclights-forge-1.0.10-1.20.1.jar": {
    "modId": "sodiumdynamiclights",
    "version": "1.0.9"
  },
  "sodiumoptionsapi-forge-1.0.10-1.20.1.jar": {
    "modId": "sodiumoptionsapi",
    "version": "1.0.10"
  },
  "solcarrot-1.20.1-1.15.1.jar": {
    "modId": "solcarrot",
    "version": "1.15.1"
  },
  "sootychimneys-1.20.1-1.2.4.jar": {
    "modId": "sootychimneys",
    "version": "1.2.4"
  },
  "sophisticatedbackpacks-1.20.1-3.23.19.1251.jar": {
    "modId": "sophisticatedbackpacks",
    "version": "3.23.19.1251"
  },
  "sophisticatedcore-1.20.1-1.2.69.1005.jar": {
    "modId": "sophisticatedcore",
    "version": "1.2.69.1005"
  },
  "spark-1.10.53-forge.jar": {
    "modId": "spark",
    "version": "1.10.53"
  },
  "sparsestructuresreforged-1.20.1-0.0.1.jar": {
    "modId": "sparsestructuresreforged",
    "version": "1.20.1-0.0.1"
  },
  "spelunkery-1.20.1-0.3.16-forge.jar": {
    "modId": "spelunkery",
    "version": "1.20.1-0.3.16"
  },
  "Structory_1.20.x_v1.3.5.jar": {
    "modId": "structory",
    "version": "1.3.5"
  },
  "structurize-1.20.1-1.0.773-snapshot.jar": {
    "modId": "structurize",
    "version": "1.20.1-1.0.773-snapshot"
  },
  "supermartijn642configlib-1.1.8-forge-mc1.20.jar": {
    "modId": "supermartijn642configlib",
    "version": "1.1.8"
  },
  "supplementaries-1.20-3.1.31.jar": {
    "modId": "supplementaries",
    "version": "1.20-3.1.31"
  },
  "survivalhouse-1.3.0-forge-1.20.1.jar": {
    "modId": "survivalhouse",
    "version": "1.3.0"
  },
  "tact-1.3.0+1.20.1.jar": {
    "modId": "tact",
    "version": "1.3.0"
  },
  "tectonic-forge-1.20.1-2.4.1.jar": {
    "modId": "tectonic",
    "version": "2.4.1"
  },
  "tectonic_tweak-1.1.0.jar": {
    "modId": "tectonic_tweak",
    "version": "1.1.0"
  },
  "TerraBlender-forge-1.20.1-3.0.1.10.jar": {
    "modId": "terrablender",
    "version": "3.0.1.10"
  },
  "The_Undergarden-1.20.1-0.8.14.jar": {
    "modId": "undergarden",
    "version": "0.8.14"
  },
  "tlc_forge-1.0.3-R-1.20.X.jar": {
    "modId": "tlc",
    "version": "1.0.2"
  },
  "toms_storage-1.20-1.7.1.jar": {
    "modId": "toms_storage",
    "version": "1.7.1"
  },
  "Totemic-forge-1.20.1-0.12.15.jar": {
    "modId": "totemic",
    "version": "1.20.1-0.12.15"
  },
  "Towns-and-Towers-1.12-Fabric+Forge.jar": {
    "modId": "t_and_t",
    "version": "1.10.2"
  },
  "towntalk-1.20.1-1.1.0.jar": {
    "modId": "towntalk",
    "version": "1.1.0"
  },
  "trashslot-forge-1.20-15.1.2.jar": {
    "modId": "trashslot",
    "version": "15.1.2"
  },
  "Tropicraft-9.6.3.jar": {
    "modId": "tropicraft",
    "version": "9.6.3"
  },
  "twilightdelight-2.0.15.jar": {
    "modId": "twilightdelight",
    "version": "2.0.15"
  },
  "twilightforest-1.20.1-4.3.2508-universal.jar": {
    "modId": "twilightforest",
    "version": "4.3.2508"
  },
  "txnilib-forge-1.0.24-1.20.1.jar": {
    "modId": "txnilib",
    "version": "1.0.24"
  },
  "underground_rooms-1.9.5.jar": {
    "modId": "underground_rooms",
    "version": "1.0-SNAPSHOT"
  },
  "usclb-0.0.25.jar": {
    "modId": "usclb",
    "version": "1.19.2-0.0.22"
  },
  "variantsandventures-forge-mc1.20.1-1.0.6.jar": {
    "modId": "variantsandventures",
    "version": "1.0.6"
  },
  "VisualWorkbench-v8.0.0-1.20.1-Forge.jar": {
    "modId": "visualworkbench",
    "version": "8.0.0"
  },
  "Wabi-Sabi-Structures-2.0.0-1.20-Forge.jar": {
    "modId": "wabi_sabi_structures",
    "version": "2.0.0-1.20"
  },
  "wares-1.20.1-1.2.9.jar": {
    "modId": "wares",
    "version": "1.2.9"
  },
  "waystones-forge-1.20.1-14.1.13.jar": {
    "modId": "waystones",
    "version": "14.1.13"
  },
  "world_preview-forge-1.20.1-1.3.1.jar": {
    "modId": "world_preview",
    "version": "1.3.1"
  },
  "Xaeros_Minimap_25.2.6_Forge_1.20.jar": {
    "modId": "xaerominimap",
    "version": "25.2.6"
  },
  "XaerosWorldMap_1.39.9_Forge_1.20.jar": {
    "modId": "xaeroworldmap",
    "version": "1.39.9"
  },
  "YungsApi-1.20-Forge-4.0.6.jar": {
    "modId": "yungsapi",
    "version": "1.20-Forge-4.0.6"
  },
  "YungsBetterDesertTemples-1.20-Forge-3.0.3.jar": {
    "modId": "betterdeserttemples",
    "version": "1.20-Forge-3.0.3"
  },
  "YungsBetterDungeons-1.20-Forge-4.0.4.jar": {
    "modId": "betterdungeons",
    "version": "1.20-Forge-4.0.4"
  },
  "YungsBetterEndIsland-1.20-Forge-2.0.6.jar": {
    "modId": "betterendisland",
    "version": "1.20-Forge-2.0.6"
  },
  "YungsBetterJungleTemples-1.20-Forge-2.0.5.jar": {
    "modId": "betterjungletemples",
    "version": "1.20-Forge-2.0.5"
  },
  "YungsBetterMineshafts-1.20-Forge-4.0.4.jar": {
    "modId": "bettermineshafts",
    "version": "1.20-Forge-4.0.4"
  },
  "YungsBetterNetherFortresses-1.20-Forge-2.0.6.jar": {
    "modId": "betterfortresses",
    "version": "1.20-Forge-2.0.6"
  },
  "YungsBetterOceanMonuments-1.20-Forge-3.0.4.jar": {
    "modId": "betteroceanmonuments",
    "version": "1.20-Forge-3.0.4"
  },
  "YungsBetterStrongholds-1.20-Forge-4.0.3.jar": {
    "modId": "betterstrongholds",
    "version": "1.20-Forge-4.0.3"
  },
  "YungsBetterWitchHuts-1.20-Forge-3.0.3.jar": {
    "modId": "betterwitchhuts",
    "version": "1.20-Forge-3.0.3"
  },
  "YungsBridges-1.20-Forge-4.0.3.jar": {
    "modId": "yungsbridges",
    "version": "1.20-Forge-4.0.3"
  },
  "YungsCaveBiomes-1.20.1-Forge-2.0.5.jar": {
    "modId": "yungscavebiomes",
    "version": "1.20.1-Forge-2.0.5"
  },
  "YungsExtras-1.20-Forge-4.0.3.jar": {
    "modId": "yungsextras",
    "version": "1.20-Forge-4.0.3"
  },
  "YungsMenuTweaks-1.20.1-Forge-1.0.2.jar": {
    "modId": "yungsmenutweaks",
    "version": "1.20.1-Forge-1.0.2"
  },
  "Zeta-1.0-30.jar": {
    "modId": "zeta",
    "version": "1.0-30"
  }
}